engine_temp,oil_pressure,vibration,battery_voltage,mileage,fuel_efficiency,maintenance_required
83.0,34.0,9,12.8,36000,15.5,0
108.5,21.5,18,11.1,69000,8.1,1
90.5,31.5,10,12.5,42000,14.2,0
111.0,20.0,20,10.8,75000,6.5,1
84.5,33.5,9,12.7,39000,15.1,0
98.0,25.0,15,11.6,60000,10.5,1
107.5,23.5,17,11.2,67000,8.5,1
81.0,36.0,7,12.9,32000,16.2,0
92.0,30.0,13,12.4,51000,13.5,0
109.0,21.0,19,10.9,72500,7.5,1
86.0,32.0,11,12.6,45000,14.8,0
101.0,24.5,16,11.5,62000,9.8,1
80.5,35.5,8,12.8,34500,15.7,0
105.0,22.5,18,11.0,66000,9.0,1
94.0,29.0,14,12.3,53000,12.5,0
110.5,20.5,21,10.8,74000,6.2,1
85.5,32.5,10,12.7,40500,14.6,0
103.0,23.0,17,11.3,64000,9.3,1
91.5,31.0,12,12.5,48000,13.8,0
112.5,19.5,22,10.7,76000,5.8,1
88.0,31.0,9,12.6,43000,14.0,0
104.0,22.0,16,11.4,65000,9.6,1
82.5,34.5,10,12.7,37000,15.0,0
108.0,21.0,19,11.0,70000,8.0,1
95.0,28.0,15,12.2,54000,12.0,0
111.5,20.5,20,10.9,73500,6.8,1
87.0,31.5,11,12.5,46000,14.4,0
100.0,25.0,15,11.5,61000,10.0,1
81.5,35.0,8,12.8,35000,15.6,0
106.0,24.0,17,11.2,68000,8.8,1
93.0,30.0,13,12.4,49500,13.2,0
107.0,22.0,18,11.1,69500,8.2,1
80.0,36.0,7,12.9,33000,16.1,0
96.0,27.0,14,12.1,55000,11.5,0
110.0,21.0,19,10.9,71500,7.3,1
84.0,33.0,10,12.7,38000,15.3,0
102.0,24.0,16,11.4,63000,9.5,1
89.0,30.5,12,12.5,44000,14.0,0
112.0,19.0,21,10.8,75500,6.0,1
86.5,32.5,9,12.6,41500,14.7,0
105.5,23.5,18,11.1,67500,8.7,1
83.5,33.5,11,12.6,39500,15.2,0
108.5,21.5,19,11.0,71000,7.7,1
90.0,31.0,13,12.4,50000,13.6,0
111.0,20.0,20,10.9,74500,6.4,1
85.0,32.0,10,12.7,42500,14.5,0
103.5,22.5,17,11.3,64500,9.2,1
92.5,30.5,14,12.3,52000,12.8,0
112.5,19.5,21,10.7,76500,5.5,1
87.5,31.5,9,12.6,44500,14.2,0
104.5,22.0,16,11.4,65500,9.7,1
81.0,34.0,10,12.7,37500,15.0,0
109.5,20.5,18,11.0,70500,7.9,1
95.5,27.5,15,12.2,54500,11.8,0
111.0,20.0,20,10.8,73000,6.7,1
88.5,30.5,11,12.5,46500,14.3,0
100.5,24.5,15,11.5,61500,10.2,1
82.0,35.0,8,12.8,35500,15.5,0
106.5,23.5,17,11.2,68500,8.9,1
93.5,29.5,13,12.3,50500,13.0,0
107.5,21.5,18,11.1,70000,8.1,1
80.5,35.5,7,12.9,33500,16.0,0
96.5,26.5,14,12.1,55500,11.3,0
110.5,20.5,19,10.9,72000,7.5,1
84.5,33.5,10,12.7,38500,15.1,0
102.5,23.5,16,11.4,63500,9.4,1
89.5,30.0,12,12.5,45000,13.9,0
112.0,19.0,21,10.8,76000,5.9,1
87.0,32.0,9,12.6,42000,14.6,0
105.0,24.0,18,11.1,68000,8.6,1
83.0,34.0,11,12.6,40000,15.1,0
108.0,21.0,19,11.0,71500,7.6,1
90.5,30.5,13,12.4,50500,13.4,0
111.5,19.5,20,10.9,75000,6.3,1
85.5,32.5,10,12.7,43000,14.4,0
104.0,23.0,17,11.3,65000,9.1,1
92.0,30.0,14,12.3,52500,12.7,0
113.0,19.0,22,10.7,77000,5.4,1
88.0,31.0,9,12.6,45000,14.1,0
105.0,22.0,16,11.4,66000,9.8,1
81.5,34.5,10,12.7,38000,14.9,0
109.0,20.5,18,11.0,71000,7.8,1
94.0,27.0,15,12.2,55000,11.6,0
111.5,20.0,20,10.8,73500,6.6,1
89.0,30.0,11,12.5,47000,14.2,0
101.0,24.0,15,11.5,62000,10.1,1
82.5,35.5,8,12.8,36000,15.4,0
107.0,23.0,17,11.2,69000,8.7,1
94.5,29.0,13,12.3,51000,12.9,0
108.0,21.0,18,11.1,70500,8.0,1
81.0,35.0,7,12.9,34000,15.9,0
97.0,26.0,14,12.1,56000,11.1,0
110.0,20.0,19,10.9,72500,7.2,1
85.0,33.0,10,12.7,39000,15.2,0
103.0,23.0,16,11.4,64000,9.3,1
90.0,30.0,12,12.5,45500,13.8,0
112.5,19.5,21,10.8,76500,5.7,1
87.5,32.5,9,12.6,42500,14.5,0
106.0,24.0,18,11.1,68500,8.5,1
83.5,34.5,11,12.6,40500,15.0,0
108.5,21.5,19,11.0,72000,7.4,1
91.0,30.5,13,12.4,51000,13.3,0
111.0,20.0,20,10.9,75500,6.1,1
86.0,32.0,10,12.7,43500,14.3,0
104.5,22.5,17,11.3,65500,9.0,1
93.0,30.0,14,12.3,53000,12.6,0
113.5,18.5,22,10.6,77500,5.3,1
88.5,31.5,9,12.6,45500,14.0,0
105.5,22.0,16,11.4,66500,9.9,1
82.0,34.0,10,12.7,38500,14.8,0
110.0,20.5,18,11.0,71500,7.7,1
96.0,27.0,15,12.2,55500,11.7,0
111.0,20.0,20,10.8,74000,6.5,1
89.5,30.0,11,12.5,47500,14.1,0
101.5,24.0,15,11.5,62500,10.0,1
83.0,35.5,8,12.8,36500,15.3,0
107.5,23.0,17,11.2,69500,8.6,1
95.0,29.0,13,12.3,51500,12.8,0
108.5,21.0,18,11.1,71000,7.9,1
81.5,35.0,7,12.9,34500,15.8,0
97.5,26.0,14,12.1,56500,11.0,0
110.5,20.0,19,10.9,73000,7.1,1
85.5,33.0,10,12.7,39500,15.1,0
103.5,23.0,16,11.4,64500,9.2,1
90.5,30.0,12,12.5,46000,13.7,0
113.0,19.5,21,10.7,77000,5.6,1
88.0,32.5,9,12.6,43000,14.4,0
106.5,24.0,18,11.1,69000,8.4,1
84.0,34.5,11,12.6,41000,14.9,0
109.0,21.5,19,11.0,72500,7.3,1
91.5,30.5,13,12.4,51500,13.2,0
111.5,20.0,20,10.9,76000,6.0,1
86.5,32.0,10,12.7,44000,14.2,0
105.0,22.5,17,11.3,66000,8.9,1
93.5,30.0,14,12.3,53500,12.5,0
114.0,18.0,22,10.6,78000,5.2,1
89.0,31.5,9,12.6,46000,13.9,0
106.0,22.0,16,11.4,67000,9.8,1
82.5,34.0,10,12.7,39000,14.7,0
110.5,20.5,18,11.0,72000,7.6,1
96.5,26.5,15,12.2,56000,11.6,0
111.5,20.0,20,10.8,74500,6.4,1
90.0,30.0,11,12.5,48000,14.0,0
102.0,24.0,15,11.5,63000,9.9,1
83.5,35.5,8,12.8,37000,15.2,0
108.0,23.0,17,11.2,70000,8.5,1
95.5,29.0,13,12.3,52000,12.7,0
109.0,21.0,18,11.1,71500,7.8,1
82.0,35.0,7,12.9,35000,15.7,0
98.0,26.0,14,12.1,57000,10.9,0
111.0,20.0,19,10.9,73500,7.0,1
86.0,33.0,10,12.7,40000,15.0,0
104.0,23.0,16,11.4,65000,9.1,1
91.0,30.0,12,12.5,46500,13.6,0
113.5,19.5,21,10.7,77500,5.5,1
88.5,32.5,9,12.6,43500,14.3,0
107.0,24.0,18,11.1,69500,8.3,1
84.5,34.5,11,12.6,41500,14.8,0
109.5,21.5,19,11.0,73000,7.2,1
92.0,30.5,13,12.4,52000,13.1,0
112.0,20.0,20,10.9,76500,5.9,1
87.0,32.0,10,12.7,44500,14.1,0
105.5,22.5,17,11.3,66500,8.8,1
94.0,30.0,14,12.3,54000,12.4,0
114.5,18.0,22,10.6,78500,5.1,1
89.5,31.5,9,12.6,46500,13.8,0
106.5,22.0,16,11.4,67500,9.7,1
83.0,34.0,10,12.7,39500,14.6,0
111.0,20.5,18,11.0,72500,7.5,1
97.0,26.5,15,12.2,56500,11.5,0
112.0,20.0,20,10.8,75000,6.3,1
90.5,30.0,11,12.5,48500,13.9,0
102.5,24.0,15,11.5,63500,9.8,1
84.0,35.5,8,12.8,37500,15.1,0
108.5,23.0,17,11.2,70500,8.4,1
96.0,29.0,13,12.3,52500,12.6,0
109.5,21.0,18,11.1,72000,7.7,1
82.5,35.0,7,12.9,35500,15.6,0
98.5,26.0,14,12.1,57500,10.8,0
111.5,20.0,19,10.9,74000,6.9,1
86.5,33.0,10,12.7,40500,14.9,0
104.5,23.0,16,11.4,65500,9.0,1
91.5,30.0,12,12.5,47000,13.5,0
114.0,19.5,21,10.7,78000,5.4,1
89.0,32.5,9,12.6,44000,14.2,0
107.5,24.0,18,11.1,70000,8.2,1
85.0,34.5,11,12.6,42000,14.7,0
110.0,21.5,19,11.0,73500,7.1,1
92.5,30.5,13,12.4,52500,13.0,0
112.5,20.0,20,10.9,77000,5.8,1
87.5,32.0,10,12.7,45000,14.0,0
106.0,22.5,17,11.3,67000,8.7,1
94.5,30.0,14,12.3,54500,12.3,0
115.0,17.5,22,10.5,79000,5.0,1
88.0,31.5,9,12.6,47000,13.7,0
107.0,22.0,16,11.4,68000,9.6,1
83.5,34.0,10,12.7,40000,14.5,0
111.5,20.5,18,11.0,73000,7.4,1
97.5,26.5,15,12.2,57000,11.4,0
112.5,20.0,20,10.8,75500,6.2,1
91.0,30.0,11,12.5,49000,13.8,0
103.0,24.0,15,11.5,64000,9.7,1
84.5,35.5,8,12.8,38000,15.0,0
109.0,23.0,17,11.2,71000,8.3,1
96.5,29.0,13,12.3,53000,12.5,0
110.0,21.0,18,11.1,72500,7.6,1
83.0,35.0,7,12.9,36000,15.5,0
99.0,26.0,14,12.1,58000,10.7,0
112.0,20.0,19,10.9,74500,6.8,1
87.0,33.0,10,12.7,41000,14.8,0
105.0,23.0,16,11.4,66000,8.9,1
92.0,30.0,12,12.5,47500,13.4,0
114.5,19.5,21,10.7,78500,5.3,1
89.5,32.5,9,12.6,44500,14.1,0
108.0,24.0,18,11.1,70500,8.1,1
85.5,34.5,11,12.6,42500,14.6,0
110.5,21.5,19,11.0,74000,7.0,1
93.0,30.5,13,12.4,53000,12.9,0
113.0,20.0,20,10.9,77500,5.7,1
88.0,32.0,10,12.7,45500,13.9,0
106.5,22.5,17,11.3,67500,8.6,1
95.0,30.0,14,12.3,55000,12.2,0
115.5,17.5,22,10.5,79500,4.9,1
90.0,31.5,9,12.6,47500,13.6,0
107.5,22.0,16,11.4,68500,9.5,1
84.0,34.0,10,12.7,40500,14.4,0
112.0,20.5,18,11.0,73500,7.3,1
98.0,26.5,15,12.2,57500,11.3,0
113.0,20.0,20,10.8,76000,6.1,1
91.5,30.0,11,12.5,49500,13.7,0
103.5,24.0,15,11.5,64500,9.6,1
85.0,35.5,8,12.8,38500,14.9,0
109.5,23.0,17,11.2,71500,8.2,1
97.0,29.0,13,12.3,53500,12.4,0
110.5,21.0,18,11.1,73000,7.5,1
83.5,35.0,7,12.9,36500,15.4,0
99.5,26.0,14,12.1,58500,10.6,0
112.5,20.0,19,10.9,75000,6.7,1
87.5,33.0,10,12.7,41500,14.7,0
105.5,23.0,16,11.4,66500,8.8,1
92.5,30.0,12,12.5,48000,13.3,0
115.0,19.5,21,10.7,79000,5.2,1
90.0,32.5,9,12.6,45000,14.0,0
108.5,24.0,18,11.1,71000,8.0,1
86.0,34.5,11,12.6,43000,14.5,0
111.0,21.5,19,11.0,74500,6.9,1
93.5,30.5,13,12.4,53500,12.8,0
113.5,20.0,20,10.9,78000,5.6,1
88.5,32.0,10,12.7,46000,13.8,0
107.0,22.5,17,11.3,68000,8.5,1
95.5,30.0,14,12.3,55500,12.1,0
116.0,17.0,22,10.4,80000,4.8,1
90.5,31.5,9,12.6,48000,13.5,0
108.0,22.0,16,11.4,69000,9.4,1
84.5,34.0,10,12.7,41000,14.3,0
112.5,20.5,18,11.0,74000,7.2,1
98.5,26.5,15,12.2,58000,11.2,0
113.5,20.0,20,10.8,76500,6.0,1
92.0,30.0,11,12.5,50000,13.6,0
104.0,24.0,15,11.5,65000,9.5,1
85.5,35.5,8,12.8,39000,14.8,0
110.0,23.0,17,11.2,72000,8.1,1
97.5,29.0,13,12.3,54000,12.3,0
111.0,21.0,18,11.1,73500,7.4,1
84.0,35.0,7,12.9,37000,15.3,0
100.0,26.0,14,12.1,59000,10.5,0
113.0,20.0,19,10.9,75500,6.6,1
88.0,33.0,10,12.7,42000,14.6,0
106.0,23.0,16,11.4,67000,8.7,1
93.0,30.0,12,12.5,48500,13.2,0
115.5,19.5,21,10.7,79500,5.1,1
90.5,32.5,9,12.6,45500,13.9,0
109.0,24.0,18,11.1,71500,7.9,1
86.5,34.5,11,12.6,43500,14.4,0
111.5,21.5,19,11.0,75000,6.8,1
94.0,30.5,13,12.4,54000,12.7,0
114.0,20.0,20,10.9,78500,5.5,1
89.0,32.0,10,12.7,46500,13.7,0
107.5,22.5,17,11.3,68500,8.4,1
96.0,30.0,14,12.3,56000,12.0,0
116.5,17.0,22,10.4,80500,4.7,1
91.0,31.5,9,12.6,48500,13.4,0
108.5,22.0,16,11.4,69500,9.3,1
85.0,34.0,10,12.7,41500,14.2,0
113.0,20.5,18,11.0,74500,7.1,1
99.0,26.5,15,12.2,58500,11.1,0
114.0,20.0,20,10.8,77000,5.9,1
92.5,30.0,11,12.5,50500,13.5,0
104.5,24.0,15,11.5,65500,9.4,1
86.0,35.5,8,12.8,39500,14.7,0
110.5,23.0,17,11.2,72500,8.0,1
98.0,29.0,13,12.3,54500,12.2,0
111.5,21.0,18,11.1,74000,7.3,1
84.5,35.0,7,12.9,37500,15.2,0
100.5,26.0,14,12.1,59500,10.4,0
113.5,20.0,19,10.9,76000,6.5,1
88.5,33.0,10,12.7,42500,14.5,0
106.5,23.0,16,11.4,67500,8.6,1
93.5,30.0,12,12.5,49000,13.1,0
116.0,19.5,21,10.7,80000,5.0,1
91.0,32.5,9,12.6,46000,13.8,0
109.5,24.0,18,11.1,72000,7.8,1
87.0,34.5,11,12.6,44000,14.3,0
112.0,21.5,19,11.0,75500,6.7,1
94.5,30.5,13,12.4,54500,12.6,0
114.5,20.0,20,10.9,79000,5.4,1
89.5,32.0,10,12.7,47000,13.6,0
108.0,22.5,17,11.3,69000,8.3,1
96.5,30.0,14,12.3,56500,11.9,0
117.0,16.5,22,10.3,81000,4.6,1
91.5,31.5,9,12.6,49000,13.3,0
109.0,22.0,16,11.4,70000,9.2,1
85.5,34.0,10,12.7,42000,14.1,0
113.5,20.5,18,11.0,75000,7.0,1
99.5,26.5,15,12.2,59000,11.0,0
114.5,20.0,20,10.8,77500,5.8,1
93.0,30.0,11,12.5,51000,13.4,0
105.0,24.0,15,11.5,66000,9.3,1
86.5,35.5,8,12.8,40000,14.6,0
111.0,23.0,17,11.2,73000,7.9,1
98.5,29.0,13,12.3,55000,12.1,0
112.0,21.0,18,11.1,74500,7.2,1
85.0,35.0,7,12.9,38000,15.1,0
101.0,26.0,14,12.1,60000,10.3,0
114.0,20.0,19,10.9,76500,6.4,1
89.0,33.0,10,12.7,43000,14.4,0
107.0,23.0,16,11.4,68000,8.5,1
94.0,30.0,12,12.5,49500,13.0,0
116.5,19.5,21,10.7,80500,4.9,1
91.5,32.5,9,12.6,46500,13.7,0
110.0,24.0,18,11.1,72500,7.7,1
87.5,34.5,11,12.6,44500,14.2,0
112.5,21.5,19,11.0,76000,6.6,1
95.0,30.5,13,12.4,55000,12.5,0
115.0,20.0,20,10.9,79500,5.3,1
90.0,32.0,10,12.7,47500,13.5,0
108.5,22.5,17,11.3,69500,8.2,1
97.0,30.0,14,12.3,57000,11.8,0
117.5,16.5,22,10.3,81500,4.5,1
92.0,31.5,9,12.6,49500,13.2,0
109.5,22.0,16,11.4,70500,9.1,1
86.0,34.0,10,12.7,42500,14.0,0
114.0,20.5,18,11.0,75500,6.9,1
100.0,26.5,15,12.2,59500,10.9,0
115.0,20.0,20,10.8,78000,5.7,1
93.5,30.0,11,12.5,51500,13.3,0
105.5,24.0,15,11.5,66500,9.2,1
87.0,35.5,8,12.8,40500,14.5,0
111.5,23.0,17,11.2,73500,7.8,1
99.0,29.0,13,12.3,55500,12.0,0
112.5,21.0,18,11.1,75000,7.1,1
85.5,35.0,7,12.9,38500,15.0,0
101.5,26.0,14,12.1,60500,10.2,0
114.5,20.0,19,10.9,77000,6.3,1
89.5,33.0,10,12.7,43500,14.3,0
107.5,23.0,16,11.4,68500,8.4,1
94.5,30.0,12,12.5,50000,12.9,0
117.0,19.5,21,10.7,81000,4.8,1
92.0,32.5,9,12.6,47000,13.6,0
110.5,24.0,18,11.1,73000,7.6,1
88.0,34.5,11,12.6,45000,14.1,0
113.0,21.5,19,11.0,76500,6.5,1
95.5,30.5,13,12.4,55500,12.4,0
115.5,20.0,20,10.9,80000,5.2,1
90.5,32.0,10,12.7,48000,13.4,0
109.0,22.5,17,11.3,70000,8.1,1
97.5,30.0,14,12.3,57500,11.7,0
118.0,16.0,22,10.2,82000,4.4,1
92.5,31.5,9,12.6,50000,13.1,0
110.0,22.0,16,11.4,71000,9.0,1
86.5,34.0,10,12.7,43000,13.9,0
114.5,20.5,18,11.0,76000,6.8,1
100.5,26.5,15,12.2,60000,10.8,0
115.5,20.0,20,10.8,78500,5.6,1
94.0,30.0,11,12.5,52000,13.2,0
106.0,24.0,15,11.5,67000,9.1,1
87.5,35.5,8,12.8,41000,14.4,0
112.0,23.0,17,11.2,74000,7.7,1
99.5,29.0,13,12.3,56000,11.9,0
113.0,21.0,18,11.1,75500,7.0,1
86.0,35.0,7,12.9,39000,14.9,0
102.0,26.0,14,12.1,61000,10.1,0
115.0,20.0,19,10.9,77500,6.2,1
90.0,33.0,10,12.7,44000,14.2,0
108.0,23.0,16,11.4,69000,8.3,1
95.0,30.0,12,12.5,50500,12.8,0
117.5,19.5,21,10.7,81500,4.7,1
92.5,32.5,9,12.6,47500,13.5,0
111.0,24.0,18,11.1,73500,7.5,1
88.5,34.5,11,12.6,45500,14.0,0
113.5,21.5,19,11.0,77000,6.4,1
96.0,30.5,13,12.4,56000,12.3,0
116.0,20.0,20,10.9,80500,5.1,1
91.0,32.0,10,12.7,48500,13.3,0
109.5,22.5,17,11.3,70500,8.0,1
98.0,30.0,14,12.3,58000,11.6,0
118.5,16.0,22,10.2,82500,4.3,1
93.0,31.5,9,12.6,50500,13.0,0
111.5,22.0,16,11.4,71500,8.9,1
87.0,34.0,10,12.7,43500,13.8,0
115.0,20.5,18,11.0,76500,6.7,1
101.0,26.5,15,12.2,60500,10.7,0
116.0,20.0,20,10.8,79000,5.5,1
94.5,30.0,11,12.5,52500,13.1,0
106.5,24.0,15,11.5,67500,9.0,1
88.0,35.5,8,12.8,41500,14.3,0
112.5,23.0,17,11.2,74500,7.6,1
100.0,29.0,13,12.3,56500,11.8,0
113.5,21.0,18,11.1,76000,6.9,1
86.5,35.0,7,12.9,39500,14.8,0
102.5,26.0,14,12.1,61500,10.0,0
115.5,20.0,19,10.9,78000,6.1,1
90.5,33.0,10,12.7,44500,14.1,0
108.5,23.0,16,11.4,69500,8.2,1
95.5,30.0,12,12.5,51000,12.7,0
118.0,19.5,21,10.7,82000,4.6,1
93.0,32.5,9,12.6,48000,13.4,0
111.5,24.0,18,11.1,74000,7.4,1
89.0,34.5,11,12.6,46000,13.9,0
114.0,21.5,19,11.0,77500,6.3,1
96.5,30.5,13,12.4,56500,12.2,0
116.5,20.0,20,10.9,81000,5.0,1
91.5,32.0,10,12.7,49000,13.2,0
110.0,22.5,17,11.3,71000,7.9,1
98.5,30.0,14,12.3,58500,11.5,0
119.0,15.5,22,10.1,83000,4.2,1
93.5,31.5,9,12.6,51000,12.9,0
112.0,22.0,16,11.4,72000,8.8,1
87.5,34.0,10,12.7,44000,13.7,0
115.5,20.5,18,11.0,77000,6.6,1
101.5,26.5,15,12.2,61000,10.6,0
116.5,20.0,20,10.8,79500,5.4,1
95.0,30.0,11,12.5,53000,13.0,0
107.0,24.0,15,11.5,68000,8.9,1
88.5,35.5,8,12.8,42000,14.2,0
113.0,23.0,17,11.2,75000,7.5,1
100.5,29.0,13,12.3,57000,11.7,0
114.0,21.0,18,11.1,76500,6.8,1
87.0,35.0,7,12.9,40000,14.7,0
103.0,26.0,14,12.1,62000,9.9,0
116.0,20.0,19,10.9,78500,6.0,1
91.0,33.0,10,12.7,45000,14.0,0
109.0,23.0,16,11.4,70000,8.1,1
96.0,30.0,12,12.5,51500,12.6,0
118.5,19.5,21,10.7,82500,4.5,1
93.5,32.5,9,12.6,48500,13.3,0
112.5,24.0,18,11.1,74500,7.3,1
89.5,34.5,11,12.6,46500,13.8,0
114.5,21.5,19,11.0,78000,6.2,1
97.0,30.5,13,12.4,57000,12.1,0
117.0,20.0,20,10.9,81500,4.9,1
92.0,32.0,10,12.7,49500,13.1,0
110.5,22.5,17,11.3,71500,7.8,1
99.0,30.0,14,12.3,59000,11.4,0
119.5,15.5,22,10.1,83500,4.1,1
94.0,31.5,9,12.6,51500,12.8,0
112.5,22.0,16,11.4,72500,8.7,1
88.0,34.0,10,12.7,44500,13.6,0
116.0,20.5,18,11.0,77500,6.5,1
102.0,26.5,15,12.2,61500,10.5,0
117.0,20.0,20,10.8,80000,5.3,1
95.5,30.0,11,12.5,53500,12.9,0
107.5,24.0,15,11.5,68500,8.8,1
89.0,35.5,8,12.8,42500,14.1,0
113.5,23.0,17,11.2,75500,7.4,1
101.0,29.0,13,12.3,57500,11.6,0
114.5,21.0,18,11.1,77000,6.7,1
87.5,35.0,7,12.9,40500,14.6,0
103.5,26.0,14,12.1,62500,9.8,0
116.5,20.0,19,10.9,79000,5.9,1
91.5,33.0,10,12.7,45500,13.9,0
109.5,23.0,16,11.4,70500,8.0,1
96.5,30.0,12,12.5,52000,12.5,0
119.0,19.5,21,10.7,83000,4.4,1
94.0,32.5,9,12.6,49000,13.2,0
113.0,24.0,18,11.1,75000,7.2,1
90.0,34.5,11,12.6,47000,13.7,0
115.0,21.5,19,11.0,78500,6.1,1
98.0,30.5,13,12.4,57500,12.0,0
117.5,20.0,20,10.9,82000,4.8,1
92.5,32.0,10,12.7,50000,13.0,0
111.0,22.5,17,11.3,72000,7.7,1
99.5,30.0,14,12.3,59500,11.3,0
120.0,15.0,22,10.0,84000,4.0,1
94.5,31.5,9,12.6,52000,12.7,0
113.0,22.0,16,11.4,73000,8.6,1
88.5,34.0,10,12.7,45000,13.5,0
116.5,20.5,18,11.0,78000,6.4,1
102.5,26.5,15,12.2,62000,10.4,0
117.5,20.0,20,10.8,80500,5.2,1
96.0,30.0,11,12.5,54000,12.8,0
108.0,24.0,15,11.5,69000,8.7,1
89.5,35.5,8,12.8,43000,14.0,0
114.0,23.0,17,11.2,76000,7.3,1
101.5,29.0,13,12.3,58000,11.5,0
115.0,21.0,18,11.1,77500,6.6,1
88.0,35.0,7,12.9,41000,14.5,0
104.0,26.0,14,12.1,63000,9.7,0
117.0,20.0,19,10.9,79500,5.8,1
92.0,33.0,10,12.7,46000,13.8,0
110.0,23.0,16,11.4,71000,7.9,1
97.0,30.0,12,12.5,52500,12.4,0
119.5,19.5,21,10.7,83500,4.3,1
94.5,32.5,9,12.6,49500,13.1,0
113.5,24.0,18,11.1,75500,7.1,1
90.5,34.5,11,12.6,47500,13.6,0
115.5,21.5,19,11.0,79000,6.0,1
98.5,30.5,13,12.4,58000,11.9,0
118.0,20.0,20,10.9,82500,4.7,1
93.0,32.0,10,12.7,50500,12.9,0
111.5,22.5,17,11.3,72500,7.6,1
100.0,30.0,14,12.3,60000,11.2,0
120.5,15.0,22,10.0,84500,3.9,1
95.0,31.5,9,12.6,52500,12.6,0
113.5,22.0,16,11.4,73500,8.5,1
89.0,34.0,10,12.7,45500,13.4,0
117.0,20.5,18,11.0,78500,6.3,1
103.0,26.5,15,12.2,62500,10.3,0
118.0,20.0,20,10.8,81000,5.1,1
96.5,30.0,11,12.5,54500,12.7,0
108.5,24.0,15,11.5,69500,8.6,1
90.0,35.5,8,12.8,43500,13.9,0
114.5,23.0,17,11.2,76500,7.2,1
102.0,29.0,13,12.3,58500,11.4,0
115.5,21.0,18,11.1,78000,6.5,1
88.5,35.0,7,12.9,41500,14.4,0
104.5,26.0,14,12.1,63500,9.6,0
117.5,20.0,19,10.9,80000,5.7,1
92.5,33.0,10,12.7,46500,13.7,0
110.5,23.0,16,11.4,71500,7.8,1
97.5,30.0,12,12.5,53000,12.3,0
120.0,19.5,21,10.7,84000,4.2,1
95.0,32.5,9,12.6,50000,13.0,0
114.0,24.0,18,11.1,76000,7.0,1
91.0,34.5,11,12.6,48000,13.5,0
116.0,21.5,19,11.0,79500,5.9,1
99.0,30.5,13,12.4,59000,11.8,0
118.5,20.0,20,10.9,83000,4.6,1
93.5,32.0,10,12.7,51000,12.8,0
112.0,22.5,17,11.3,73000,7.5,1
100.5,30.0,14,12.3,60500,11.1,0
121.0,14.5,22,9.9,85000,3.8,1
95.5,31.5,9,12.6,53000,12.5,0
114.0,22.0,16,11.4,74000,8.4,1
89.5,34.0,10,12.7,46000,13.3,0
117.5,20.5,18,11.0,79000,6.2,1
103.5,26.5,15,12.2,63000,10.2,0
118.5,20.0,20,10.8,81500,5.0,1
97.0,30.0,11,12.5,55000,12.6,0
109.0,24.0,15,11.5,70000,8.5,1
90.5,35.5,8,12.8,44000,13.8,0
115.0,23.0,17,11.2,77000,7.1,1
102.5,29.0,13,12.3,59000,11.3,0
116.0,21.0,18,11.1,78500,6.4,1
89.0,35.0,7,12.9,42000,14.3,0
105.0,26.0,14,12.1,64000,9.5,0
118.0,20.0,19,10.9,80500,5.6,1
93.0,33.0,10,12.7,47000,13.6,0
111.0,23.0,16,11.4,72000,7.7,1
98.0,30.0,12,12.5,53500,12.2,0
120.5,19.5,21,10.7,84500,4.1,1
95.5,32.5,9,12.6,50500,12.9,0
114.5,24.0,18,11.1,76500,6.9,1
91.5,34.5,11,12.6,48500,13.4,0
116.5,21.5,19,11.0,80000,5.8,1
99.5,30.5,13,12.4,59500,11.7,0
119.0,20.0,20,10.9,83500,4.5,1
94.0,32.0,10,12.7,51500,12.7,0
112.5,22.5,17,11.3,73500,7.4,1
101.0,30.0,14,12.3,61000,11.0,0
121.5,14.5,22,9.9,85500,3.7,1
96.0,31.5,9,12.6,53500,12.4,0
114.5,22.0,16,11.4,74500,8.3,1
90.0,34.0,10,12.7,46500,13.2,0
118.0,20.5,18,11.0,79500,6.1,1
104.0,26.5,15,12.2,63500,10.1,0
119.0,20.0,20,10.8,82000,4.9,1
97.5,30.0,11,12.5,55500,12.5,0
109.5,24.0,15,11.5,70500,8.4,1
91.0,35.5,8,12.8,44500,13.7,0
115.5,23.0,17,11.2,77500,7.0,1
103.0,29.0,13,12.3,59500,11.2,0
116.5,21.0,18,11.1,79000,6.3,1
89.5,35.0,7,12.9,42500,14.2,0
105.5,26.0,14,12.1,64500,9.4,0
118.5,20.0,19,10.9,81000,5.5,1
93.5,33.0,10,12.7,47500,13.5,0
111.5,23.0,16,11.4,72500,7.6,1
98.5,30.0,12,12.5,54000,12.1,0
121.0,19.5,21,10.7,85000,4.0,1
96.0,32.5,9,12.6,51000,12.8,0
115.0,24.0,18,11.1,77000,6.8,1
92.0,34.5,11,12.6,49000,13.3,0
117.0,21.5,19,11.0,80500,5.7,1
100.0,30.5,13,12.4,60000,11.6,0
119.5,20.0,20,10.9,84000,4.4,1
94.5,32.0,10,12.7,52000,12.6,0
113.0,22.5,17,11.3,74000,7.3,1
101.5,30.0,14,12.3,61500,10.9,0
122.0,14.0,22,9.8,86000,3.6,1
96.5,31.5,9,12.6,54000,12.3,0
115.0,22.0,16,11.4,75000,8.2,1
90.5,34.0,10,12.7,47000,13.1,0
118.5,20.5,18,11.0,80000,6.0,1
104.5,26.5,15,12.2,64000,10.0,0
119.5,20.0,20,10.8,82500,4.8,1
98.0,30.0,11,12.5,56000,12.4,0
110.0,24.0,15,11.5,71000,8.3,1
91.5,35.5,8,12.8,45000,13.6,0
116.0,23.0,17,11.2,78000,6.9,1
103.5,29.0,13,12.3,60000,11.1,0
117.0,21.0,18,11.1,79500,6.2,1
90.0,35.0,7,12.9,43000,14.1,0
106.0,26.0,14,12.1,65000,9.3,0
119.0,20.0,19,10.9,81500,5.4,1
94.0,33.0,10,12.7,48000,13.4,0
112.0,23.0,16,11.4,73000,7.5,1
99.0,30.0,12,12.5,54500,12.0,0
121.5,19.5,21,10.7,85500,3.9,1
96.5,32.5,9,12.6,51500,12.7,0
115.5,24.0,18,11.1,77500,6.7,1
92.5,34.5,11,12.6,49500,13.2,0
117.5,21.5,19,11.0,81000,5.6,1
101.0,30.5,13,12.4,60500,11.5,0
120.0,20.0,20,10.9,84500,4.3,1
95.0,32.0,10,12.7,52500,12.5,0
113.5,22.5,17,11.3,74500,7.2,1
102.5,30.0,14,12.3,62000,10.8,0
122.5,14.0,22,9.8,86500,3.5,1
97.0,31.5,9,12.6,54500,12.2,0
115.5,22.0,16,11.4,75500,8.1,1
91.0,34.0,10,12.7,47500,13.0,0
119.0,20.5,18,11.0,80500,5.9,1
105.0,26.5,15,12.2,64500,9.9,0
120.0,20.0,20,10.8,83000,4.7,1
98.5,30.0,11,12.5,56500,12.3,0
110.5,24.0,15,11.5,71500,8.2,1
92.0,35.5,8,12.8,45500,13.5,0
116.5,23.0,17,11.2,78500,6.8,1
104.0,29.0,13,12.3,60500,11.0,0
117.5,21.0,18,11.1,80000,6.1,1
90.5,35.0,7,12.9,43500,14.0,0
106.5,26.0,14,12.1,65500,9.2,0
119.5,20.0,19,10.9,82000,5.3,1
94.5,33.0,10,12.7,48500,13.3,0
112.5,23.0,16,11.4,73500,7.4,1
100.0,30.0,12,12.5,55000,11.9,0
122.0,19.5,21,10.7,86000,3.8,1
97.0,32.5,9,12.6,52000,12.6,0
116.0,24.0,18,11.1,78000,6.6,1
93.0,34.5,11,12.6,50000,13.1,0
118.0,21.5,19,11.0,81500,5.5,1
101.5,30.5,13,12.4,61000,11.4,0
120.5,20.0,20,10.9,85000,4.2,1
95.5,32.0,10,12.7,53000,12.4,0
114.0,22.5,17,11.3,75000,7.1,1
103.0,30.0,14,12.3,62500,10.7,0
123.0,13.5,22,9.7,87000,3.4,1
97.5,31.5,9,12.6,55000,12.1,0
116.0,22.0,16,11.4,76000,8.0,1
91.5,34.0,10,12.7,48000,12.9,0
119.5,20.5,18,11.0,81000,5.8,1
105.5,26.5,15,12.2,65000,9.8,0
120.5,20.0,20,10.8,83500,4.6,1
99.0,30.0,11,12.5,57000,12.2,0
111.0,24.0,15,11.5,72000,8.1,1
92.5,35.5,8,12.8,46000,13.4,0
117.0,23.0,17,11.2,79000,6.7,1
104.5,29.0,13,12.3,61000,10.9,0
118.0,21.0,18,11.1,80500,6.0,1
91.0,35.0,7,12.9,44000,13.9,0
107.0,26.0,14,12.1,66000,9.1,0
120.0,20.0,19,10.9,82500,5.2,1
95.0,33.0,10,12.7,49000,13.2,0
113.0,23.0,16,11.4,74000,7.3,1
101.0,30.0,12,12.5,55500,11.8,0
122.5,19.5,21,10.7,86500,3.7,1
98.0,32.5,9,12.6,52500,12.5,0
116.5,24.0,18,11.1,78500,6.5,1
93.5,34.5,11,12.6,50500,13.0,0
118.5,21.5,19,11.0,82000,5.4,1
102.0,30.5,13,12.4,61500,11.3,0
121.0,20.0,20,10.9,85500,4.1,1
96.0,32.0,10,12.7,53500,12.3,0
114.5,22.5,17,11.3,75500,7.0,1
103.5,30.0,14,12.3,63000,10.6,0
123.5,13.5,22,9.7,87500,3.3,1
98.5,31.5,9,12.6,55500,12.0,0
116.5,22.0,16,11.4,76500,7.9,1
92.0,34.0,10,12.7,48500,12.8,0
120.0,20.5,18,11.0,81500,5.7,1
106.0,26.5,15,12.2,65500,9.7,0
121.0,20.0,20,10.8,84000,4.5,1
100.0,30.0,11,12.5,57500,12.1,0
111.5,24.0,15,11.5,72500,8.0,1
93.0,35.5,8,12.8,46500,13.3,0
117.5,23.0,17,11.2,79500,6.6,1
105.0,29.0,13,12.3,61500,10.8,0
118.5,21.0,18,11.1,81000,5.9,1
91.5,35.0,7,12.9,44500,13.8,0
107.5,26.0,14,12.1,66500,9.0,0
120.5,20.0,19,10.9,83000,5.1,1
95.5,33.0,10,12.7,49500,13.1,0
113.5,23.0,16,11.4,74500,7.2,1
102.0,30.0,12,12.5,56000,11.7,0
123.0,19.5,21,10.7,87000,3.6,1
98.5,32.5,9,12.6,53000,12.4,0
117.0,24.0,18,11.1,79000,6.4,1
94.0,34.5,11,12.6,51000,12.9,0
119.0,21.5,19,11.0,82500,5.3,1
103.0,30.5,13,12.4,62000,11.2,0
121.5,20.0,20,10.9,86000,4.0,1
96.5,32.0,10,12.7,54000,12.2,0
115.0,22.5,17,11.3,76000,6.9,1
104.5,30.0,14,12.3,63500,10.5,0
124.0,13.0,22,9.6,88000,3.2,1
99.0,31.5,9,12.6,56000,11.9,0
117.0,22.0,16,11.4,77000,7.8,1
92.5,34.0,10,12.7,49000,12.7,0
120.5,20.5,18,11.0,82000,5.6,1
106.5,26.5,15,12.2,66000,9.6,0
121.5,20.0,20,10.8,84500,4.4,1
100.0,30.0,11,12.5,58000,12.0,0
112.0,24.0,15,11.5,73000,7.9,1
93.5,35.5,8,12.8,47000,13.2,0
118.0,23.0,17,11.2,80000,6.5,1
106.0,29.0,13,12.3,62000,10.7,0
119.0,21.0,18,11.1,81500,5.8,1
92.0,35.0,7,12.9,45000,13.7,0
108.0,26.0,14,12.1,67000,8.9,0
121.0,20.0,19,10.9,83500,5.0,1
96.0,33.0,10,12.7,50000,13.0,0
114.0,23.0,16,11.4,75000,7.1,1
103.0,30.0,12,12.5,56500,11.6,0
124.5,19.5,21,10.7,87500,3.5,1
99.0,32.5,9,12.6,53500,12.3,0
117.5,24.0,18,11.1,79500,6.3,1
94.5,34.5,11,12.6,51500,12.8,0
119.5,21.5,19,11.0,83000,5.2,1
104.0,30.5,13,12.4,62500,11.1,0
122.0,20.0,20,10.9,86500,3.9,1
97.0,32.0,10,12.7,54500,12.1,0
115.5,22.5,17,11.3,76500,6.8,1
105.0,30.0,14,12.3,64000,10.4,0
125.0,13.0,22,9.6,88500,3.1,1
99.5,31.5,9,12.6,56500,11.8,0
117.5,22.0,16,11.4,77500,7.7,1
93.0,34.0,10,12.7,49500,12.6,0
121.0,20.5,18,11.0,82500,5.5,1
107.0,26.5,15,12.2,66500,9.5,0
122.0,20.0,20,10.8,85000,4.3,1
101.0,30.0,11,12.5,58500,11.9,0
112.5,24.0,15,11.5,73500,7.8,1
94.0,35.5,8,12.8,47500,13.1,0
118.5,23.0,17,11.2,80500,6.4,1
107.5,29.0,13,12.3,62500,10.6,0
119.5,21.0,18,11.1,82000,5.7,1
92.5,35.0,7,12.9,45500,13.6,0
108.5,26.0,14,12.1,67500,8.8,0
121.5,20.0,19,10.9,84000,4.9,1
96.5,33.0,10,12.7,50500,12.9,0
114.5,23.0,16,11.4,75500,7.0,1
104.0,30.0,12,12.5,57000,11.5,0
125.0,19.5,21,10.7,88000,3.4,1
100.0,32.5,9,12.6,54000,12.2,0
118.0,24.0,18,11.1,80000,6.2,1
95.0,34.5,11,12.6,52000,12.7,0
120.0,21.5,19,11.0,83500,5.1,1
105.0,30.5,13,12.4,63000,11.0,0
122.5,20.0,20,10.9,87000,3.8,1
97.5,32.0,10,12.7,55000,12.0,0
116.0,22.5,17,11.3,77000,6.7,1
106.0,30.0,14,12.3,64500,10.3,0
125.5,12.5,22,9.5,89000,3.0,1
100.5,31.5,9,12.6,57000,11.7,0
118.0,22.0,16,11.4,78000,7.6,1
93.5,34.0,10,12.7,50000,12.5,0
121.5,20.5,18,11.0,83000,5.4,1
108.0,26.5,15,12.2,67000,9.4,0
122.5,20.0,20,10.8,85500,4.2,1
102.0,30.0,11,12.5,59000,11.8,0
113.0,24.0,15,11.5,74000,7.7,1
94.5,35.5,8,12.8,48000,13.0,0
119.0,23.0,17,11.2,81000,6.3,1
108.5,29.0,13,12.3,63000,10.5,0
120.0,21.0,18,11.1,82500,5.6,1
93.0,35.0,7,12.9,46000,13.5,0
109.0,26.0,14,12.1,68000,8.7,0
122.0,20.0,19,10.9,84500,4.8,1
97.0,33.0,10,12.7,51000,12.8,0
115.0,23.0,16,11.4,76000,6.9,1
105.0,30.0,12,12.5,57500,11.4,0
125.5,19.5,21,10.7,88500,3.3,1
101.0,32.5,9,12.6,54500,12.1,0
118.5,24.0,18,11.1,80500,6.1,1
95.5,34.5,11,12.6,52500,12.6,0
120.5,21.5,19,11.0,84000,5.0,1
106.0,30.5,13,12.4,63500,10.9,0
123.0,20.0,20,10.9,87500,3.7,1
98.0,32.0,10,12.7,55500,11.9,0
116.5,22.5,17,11.3,77500,6.6,1
107.0,30.0,14,12.3,65000,10.2,0
126.0,12.5,22,9.5,89500,2.9,1
101.5,31.5,9,12.6,57500,11.6,0
118.5,22.0,16,11.4,78500,7.5,1
94.0,34.0,10,12.7,50500,12.4,0
122.0,20.5,18,11.0,83500,5.3,1
109.0,26.5,15,12.2,67500,9.3,0
123.0,20.0,20,10.8,86000,4.1,1
103.0,30.0,11,12.5,59500,11.7,0
114.0,24.0,15,11.5,75000,7.6,1
95.0,35.5,8,12.8,48500,12.9,0
120.0,23.0,17,11.2,81500,6.2,1
109.5,29.0,13,12.3,63500,10.4,0
120.5,21.0,18,11.1,83000,5.5,1
93.5,35.0,7,12.9,46500,13.4,0
110.0,26.0,14,12.1,68500,8.6,0
122.5,20.0,19,10.9,85000,4.7,1
97.5,33.0,10,12.7,51500,12.7,0
116.0,23.0,16,11.4,77000,6.8,1
106.0,30.0,12,12.5,58000,11.3,0
126.0,19.5,21,10.7,89000,3.2,1
102.0,32.5,9,12.6,55000,12.0,0
119.0,24.0,18,11.1,81000,6.0,1
96.0,34.5,11,12.6,53000,12.5,0
121.0,21.5,19,11.0,84500,4.9,1
107.0,30.5,13,12.4,64000,10.8,0
123.5,20.0,20,10.9,88000,3.6,1
98.5,32.0,10,12.7,56000,11.8,0
117.0,22.5,17,11.3,78000,6.5,1
108.0,30.0,14,12.3,65500,10.1,0
126.5,12.0,22,9.4,90000,2.8,1
102.5,31.5,9,12.6,58000,11.5,0
119.0,22.0,16,11.4,79000,7.4,1
94.5,34.0,10,12.7,51000,12.3,0
122.5,20.5,18,11.0,84000,5.2,1
109.5,26.5,15,12.2,68000,9.2,0
123.5,20.0,20,10.8,86500,4.0,1
104.0,30.0,11,12.5,60000,11.6,0
115.0,24.0,15,11.5,76000,7.5,1
95.5,35.5,8,12.8,49000,12.8,0
121.0,23.0,17,11.2,82000,6.1,1
111.0,29.0,13,12.3,64000,10.3,0
121.5,21.0,18,11.1,83500,5.4,1
94.0,35.0,7,12.9,47000,13.3,0
111.0,26.0,14,12.1,69000,8.5,0
123.0,20.0,19,10.9,85500,4.6,1
98.0,33.0,10,12.7,52000,12.6,0
117.0,23.0,16,11.4,77500,6.7,1
107.0,30.0,12,12.5,58500,11.2,0
126.5,19.5,21,10.7,89500,3.1,1
103.0,32.5,9,12.6,55500,11.9,0
119.5,24.0,18,11.1,81500,5.9,1
96.5,34.5,11,12.6,53500,12.4,0
121.5,21.5,19,11.0,85000,4.8,1
108.0,30.5,13,12.4,64500,10.7,0
124.0,20.0,20,10.9,88500,3.5,1
99.0,32.0,10,12.7,56500,11.7,0
118.5,22.5,17,11.3,78500,6.4,1
109.0,30.0,14,12.3,66000,10.0,0
127.0,12.0,22,9.4,90500,2.7,1
103.5,31.5,9,12.6,58500,11.4,0
119.5,22.0,16,11.4,79500,7.3,1
95.0,34.0,10,12.7,51500,12.2,0
123.0,20.5,18,11.0,84500,5.1,1
111.5,26.5,15,12.2,68500,9.1,0
124.0,20.0,20,10.8,87000,3.9,1
105.0,30.0,11,12.5,60500,11.5,0
115.5,24.0,15,11.5,76500,7.4,1
96.0,35.5,8,12.8,49500,12.7,0
121.5,23.0,17,11.2,82500,6.0,1
112.0,29.0,13,12.3,64500,10.2,0
122.0,21.0,18,11.1,84000,5.3,1
94.5,35.0,7,12.9,47500,13.2,0
112.0,26.0,14,12.1,69500,8.4,0
123.5,20.0,19,10.9,86000,4.5,1
98.5,33.0,10,12.7,52500,12.5,0
117.5,23.0,16,11.4,78000,6.6,1
108.0,30.0,12,12.5,59000,11.1,0
127.0,19.5,21,10.7,90000,3.0,1
104.0,32.5,9,12.6,56000,11.8,0
120.0,24.0,18,11.1,82000,5.8,1
97.0,34.5,11,12.6,54000,12.3,0
122.0,21.5,19,11.0,85500,4.7,1
109.0,30.5,13,12.4,65000,10.6,0
124.5,20.0,20,10.9,89000,3.4,1
99.5,32.0,10,12.7,57000,11.6,0
119.0,22.5,17,11.3,79000,6.3,1
110.0,30.0,14,12.3,66500,9.9,0
127.5,11.5,22,9.3,91000,2.6,1
104.5,31.5,9,12.6,59000,11.3,0
120.0,22.0,16,11.4,80000,7.2,1
95.5,34.0,10,12.7,52000,12.1,0
123.5,20.5,18,11.0,85000,5.0,1
112.5,26.5,15,12.2,69000,9.0,0
124.5,20.0,20,10.8,87500,3.8,1
106.0,30.0,11,12.5,61000,11.4,0
116.0,24.0,15,11.5,77000,7.3,1
96.5,35.5,8,12.8,50000,12.6,0
122.0,23.0,17,11.2,83000,5.9,1
113.0,29.0,13,12.3,65000,10.1,0
122.5,21.0,18,11.1,84500,5.2,1
95.0,35.0,7,12.9,48000,13.1,0
113.0,26.0,14,12.1,70000,8.3,0
124.0,20.0,19,10.9,86500,4.4,1
99.0,33.0,10,12.7,53000,12.4,0
118.0,23.0,16,11.4,78500,6.5,1
109.0,30.0,12,12.5,59500,11.0,0
127.5,19.5,21,10.7,90500,2.9,1
105.0,32.5,9,12.6,56500,11.7,0
120.5,24.0,18,11.1,82500,5.7,1
98.0,34.5,11,12.6,54500,12.2,0
122.5,21.5,19,11.0,86000,4.6,1
110.0,30.5,13,12.4,65500,10.5,0
125.0,20.0,20,10.9,89500,3.3,1
100.0,32.0,10,12.7,57500,11.5,0
119.5,22.5,17,11.3,79500,6.2,1
111.0,30.0,14,12.3,67000,9.8,0
128.0,11.5,22,9.3,91500,2.5,1
105.5,31.5,9,12.6,59500,11.2,0
120.5,22.0,16,11.4,80500,7.1,1
96.0,34.0,10,12.7,52500,12.0,0
124.0,20.5,18,11.0,85500,4.9,1
113.5,26.5,15,12.2,69500,8.9,0
125.0,20.0,20,10.8,88000,3.7,1
107.0,30.0,11,12.5,61500,11.3,0
116.5,24.0,15,11.5,77500,7.2,1
97.0,35.5,8,12.8,50500,12.5,0
122.5,23.0,17,11.2,83500,5.8,1
114.0,29.0,13,12.3,65500,10.0,0
123.0,21.0,18,11.1,85000,5.1,1
95.5,35.0,7,12.9,48500,13.0,0
114.0,26.0,14,12.1,70500,8.2,0
124.5,20.0,19,10.9,87000,4.3,1
99.5,33.0,10,12.7,53500,12.3,0
118.5,23.0,16,11.4,79000,6.4,1
110.0,30.0,12,12.5,60000,10.9,0
128.0,19.5,21,10.7,91000,2.8,1
106.0,32.5,9,12.6,57000,11.6,0
121.0,24.0,18,11.1,83000,5.6,1
98.5,34.5,11,12.6,55000,12.1,0
123.0,21.5,19,11.0,86500,4.5,1
111.0,30.5,13,12.4,66000,10.4,0
125.5,20.0,20,10.9,90000,3.2,1
101.0,32.0,10,12.7,58000,11.4,0
120.0,22.5,17,11.3,80000,6.1,1
112.0,30.0,14,12.3,67500,9.7,0
128.5,11.0,22,9.2,92000,2.4,1
106.5,31.5,9,12.6,60000,11.1,0
121.0,22.0,16,11.4,81000,7.0,1
97.0,34.0,10,12.7,53000,11.9,0
124.5,20.5,18,11.0,86000,4.8,1
114.5,26.5,15,12.2,70000,8.8,0
125.5,20.0,20,10.8,88500,3.6,1
108.0,30.0,11,12.5,62000,11.2,0
117.0,24.0,15,11.5,78000,7.1,1
98.0,35.5,8,12.8,51000,12.4,0
123.5,23.0,17,11.2,84000,5.7,1
115.0,29.0,13,12.3,66000,9.9,0
123.5,21.0,18,11.1,85500,5.0,1
96.0,35.0,7,12.9,49000,12.9,0
115.0,26.0,14,12.1,71000,8.1,0
125.0,20.0,19,10.9,87500,4.2,1
100.0,33.0,10,12.7,54000,12.2,0
119.0,23.0,16,11.4,79500,6.3,1
111.0,30.0,12,12.5,60500,10.8,0
128.5,19.5,21,10.7,91500,2.7,1
107.0,32.5,9,12.6,57500,11.5,0
121.5,24.0,18,11.1,83500,5.5,1
99.0,34.5,11,12.6,55500,12.0,0
123.5,21.5,19,11.0,87000,4.4,1
112.0,30.5,13,12.4,66500,10.3,0
126.0,20.0,20,10.9,90500,3.1,1
102.0,32.0,10,12.7,58500,11.3,0
120.5,22.5,17,11.3,80500,6.0,1
113.0,30.0,14,12.3,68000,9.6,0
129.0,11.0,22,9.2,92500,2.3,1
107.5,31.5,9,12.6,60500,11.0,0
121.5,22.0,16,11.4,81500,6.9,1
97.5,34.0,10,12.7,53500,11.8,0
125.0,20.5,18,11.0,86500,4.7,1
115.5,26.5,15,12.2,70500,8.7,0
126.0,20.0,20,10.8,89000,3.5,1
109.0,30.0,11,12.5,62500,11.1,0
117.5,24.0,15,11.5,78500,7.0,1
98.5,35.5,8,12.8,51500,12.3,0
124.0,23.0,17,11.2,84500,5.6,1
116.0,29.0,13,12.3,66500,9.8,0
124.0,21.0,18,11.1,86000,4.9,1
96.5,35.0,7,12.9,49500,12.8,0
116.0,26.0,14,12.1,71500,8.0,0
125.5,20.0,19,10.9,88000,4.1,1
100.5,33.0,10,12.7,54500,12.1,0
119.5,23.0,16,11.4,80000,6.2,1
112.0,30.0,12,12.5,61000,10.7,0
129.0,19.5,21,10.7,91500,2.6,1
107.0,32.5,9,12.6,58000,11.4,0
122.0,24.0,18,11.1,84000,5.4,1
99.5,34.5,11,12.6,56000,11.9,0
124.0,21.5,19,11.0,87500,4.3,1
113.0,30.5,13,12.4,67000,10.2,0
126.5,20.0,20,10.9,91000,3.0,1
103.0,32.0,10,12.7,59000,11.2,0
121.0,22.5,17,11.3,81000,5.9,1
114.0,30.0,14,12.3,68500,9.5,0
129.5,10.5,22,9.1,93000,2.2,1
108.0,31.5,9,12.6,61000,10.9,0
122.0,22.0,16,11.4,82000,6.8,1
98.0,34.0,10,12.7,54000,11.7,0
125.5,20.5,18,11.0,87000,4.6,1
116.5,26.5,15,12.2,71000,8.6,0
126.5,20.0,20,10.8,89500,3.4,1
110.0,30.0,11,12.5,63000,11.0,0
118.0,24.0,15,11.5,79000,6.9,1
99.0,35.5,8,12.8,52000,12.2,0
124.5,23.0,17,11.2,85000,5.5,1
117.0,29.0,13,12.3,67000,9.7,0
124.5,21.0,18,11.1,86500,4.8,1
97.0,35.0,7,12.9,50000,12.7,0
117.0,26.0,14,12.1,72000,7.9,0
126.0,20.0,19,10.9,88500,4.0,1
101.5,33.0,10,12.7,55000,12.0,0
120.0,23.0,16,11.4,80500,6.1,1
113.0,30.0,12,12.5,61500,10.6,0
129.5,19.5,21,10.7,92000,2.5,1
108.0,32.5,9,12.6,58500,11.3,0
122.5,24.0,18,11.1,84500,5.3,1
100.5,34.5,11,12.6,56500,11.8,0
124.5,21.5,19,11.0,88000,4.2,1
114.0,30.5,13,12.4,67500,10.1,0
127.0,20.0,20,10.9,91500,2.9,1
104.0,32.0,10,12.7,59500,11.1,0
121.5,22.5,17,11.3,81500,5.8,1
115.0,30.0,14,12.3,69000,9.4,0
130.0,10.5,22,9.1,93500,2.1,1
108.5,31.5,9,12.6,61500,10.8,0
122.5,22.0,16,11.4,82500,6.7,1
98.5,34.0,10,12.7,54500,11.6,0
126.0,20.5,18,11.0,87500,4.5,1
117.5,26.5,15,12.2,71500,8.5,0
127.0,20.0,20,10.8,90000,3.3,1
111.0,30.0,11,12.5,63500,10.9,0
118.5,24.0,15,11.5,79500,6.8,1
99.5,35.5,8,12.8,52500,12.1,0
125.0,23.0,17,11.2,85500,5.4,1
118.0,29.0,13,12.3,67500,9.6,0
125.0,21.0,18,11.1,87000,4.7,1
97.5,35.0,7,12.9,50500,12.6,0
118.0,26.0,14,12.1,72500,7.8,0
126.5,20.0,19,10.9,89000,3.9,1
102.5,33.0,10,12.7,55500,11.9,0
120.5,23.0,16,11.4,81000,6.0,1
114.0,30.0,12,12.5,62000,10.5,0
130.0,19.5,21,10.7,92500,2.4,1
109.0,32.5,9,12.6,59000,11.2,0
123.0,24.0,18,11.1,85000,5.2,1
101.5,34.5,11,12.6,57000,11.7,0
125.0,21.5,19,11.0,88500,4.1,1
115.0,30.5,13,12.4,68000,10.0,0
127.5,20.0,20,10.9,92000,2.8,1
105.0,32.0,10,12.7,60000,11.0,0
122.0,22.5,17,11.3,82000,5.7,1
116.0,30.0,14,12.3,69500,9.3,0
130.5,10.0,22,9.0,94000,2.0,1
109.5,31.5,9,12.6,62000,10.7,0
123.0,22.0,16,11.4,83000,6.6,1
99.0,34.0,10,12.7,55000,11.5,0
126.5,20.5,18,11.0,88000,4.4,1
118.0,26.5,15,12.2,72000,8.4,0
127.5,20.0,20,10.8,90500,3.2,1
112.0,30.0,11,12.5,64000,10.8,0
119.0,24.0,15,11.5,80000,6.7,1
100.0,35.5,8,12.8,53000,12.0,0
125.5,23.0,17,11.2,86000,5.3,1
119.0,29.0,13,12.3,68000,9.5,0
125.5,21.0,18,11.1,87500,4.6,1
98.0,35.0,7,12.9,51000,12.5,0
119.0,26.0,14,12.1,73000,7.7,0
127.0,20.0,19,10.9,89500,3.8,1
103.5,33.0,10,12.7,56000,11.8,0
121.0,23.0,16,11.4,81500,5.9,1
115.0,30.0,12,12.5,62500,10.4,0
130.5,19.5,21,10.7,93000,2.3,1
109.0,32.5,9,12.6,59500,11.1,0
123.5,24.0,18,11.1,85500,5.1,1
102.5,34.5,11,12.6,57500,11.6,0
125.5,21.5,19,11.0,89000,4.0,1
116.0,30.5,13,12.4,68500,10.0,0
128.0,20.0,20,10.9,92500,2.7,1
105.0,32.0,10,12.7,60500,10.9,0
122.5,22.5,17,11.3,82500,5.6,1
117.0,30.0,14,12.3,70000,9.2,0
131.0,10.0,22,9.0,94500,1.9,1
110.0,31.5,9,12.6,62500,10.6,0
124.0,22.0,16,11.4,83500,6.5,1
99.5,34.0,10,12.7,55500,11.4,0
127.0,20.5,18,11.0,88500,4.3,1
118.5,26.5,15,12.2,72500,8.3,0
128.0,20.0,20,10.8,91000,3.1,1
113.0,30.0,11,12.5,64500,10.7,0
120.0,24.0,15,11.5,80500,6.6,1
101.0,35.5,8,12.8,53500,11.9,0
126.0,23.0,17,11.2,86500,5.2,1
120.0,29.0,13,12.3,68500,9.4,0
126.0,21.0,18,11.1,88000,4.5,1
98.5,35.0,7,12.9,51500,12.4,0
120.0,26.0,14,12.1,73500,7.6,0
127.5,20.0,19,10.9,90000,3.7,1
104.5,33.0,10,12.7,56500,11.7,0
122.0,23.0,16,11.4,82000,5.8,1
116.0,30.0,12,12.5,63000,10.3,0
131.0,19.5,21,10.7,93500,2.2,1
110.0,32.5,9,12.6,60000,11.0,0
124.0,24.0,18,11.1,86000,5.0,1
103.5,34.5,11,12.6,58000,11.5,0
126.0,21.5,19,11.0,89500,3.9,1
117.0,30.5,13,12.4,69000,9.9,0
128.5,20.0,20,10.9,93000,2.6,1
105.5,32.0,10,12.7,61000,10.8,0
123.0,22.5,17,11.3,83000,5.5,1
118.0,30.0,14,12.3,70500,9.1,0
131.5,9.5,22,8.9,95000,1.8,1
110.5,31.5,9,12.6,63000,10.5,0
124.0,22.0,16,11.4,84000,6.4,1
100.0,34.0,10,12.7,56000,11.3,0
127.5,20.5,18,11.0,89000,4.2,1
119.0,26.5,15,12.2,73000,8.2,0
128.5,20.0,20,10.8,91500,3.0,1
114.0,30.0,11,12.5,65000,10.6,0
121.0,24.0,15,11.5,81000,6.5,1
102.0,35.5,8,12.8,54000,11.8,0
126.5,23.0,17,11.2,87000,5.1,1
121.0,29.0,13,12.3,69000,9.3,0
126.5,21.0,18,11.1,88500,4.4,1
99.0,35.0,7,12.9,52000,12.3,0
121.0,26.0,14,12.1,74000,7.5,0
128.0,20.0,19,10.9,90500,3.6,1
105.0,33.0,10,12.7,57000,11.6,0
122.0,23.0,16,11.4,82500,5.7,1
117.0,30.0,12,12.5,63500,10.2,0
131.5,19.5,21,10.7,94000,2.1,1
111.0,32.5,9,12.6,60500,10.9,0
124.5,24.0,18,11.1,86500,4.9,1
104.5,34.5,11,12.6,58500,11.4,0
126.5,21.5,19,11.0,90000,3.8,1
118.0,30.5,13,12.4,69500,9.8,0
129.0,20.0,20,10.9,93500,2.5,1
106.0,32.0,10,12.7,61500,10.7,0
123.0,22.5,17,11.3,83500,5.4,1
119.0,30.0,14,12.3,71000,9.0,0
132.0,9.5,22,8.9,95500,1.7,1
111.5,31.5,9,12.6,63500,10.4,0
124.5,22.0,16,11.4,84500,6.3,1
100.5,34.0,10,12.7,56500,11.2,0
128.0,20.5,18,11.0,89500,4.1,1
119.5,26.5,15,12.2,73500,8.1,0
129.0,20.0,20,10.8,92000,2.9,1
115.0,30.0,11,12.5,65500,10.5,0
122.0,24.0,15,11.5,81500,6.4,1
103.0,35.5,8,12.8,54500,11.7,0
127.0,23.0,17,11.2,87500,5.0,1
122.0,29.0,13,12.3,69500,9.2,0
127.0,21.0,18,11.1,89000,4.3,1
99.5,35.0,7,12.9,52500,12.2,0
122.0,26.0,14,12.1,74500,7.4,0
128.5,20.0,19,10.9,91000,3.5,1
106.0,33.0,10,12.7,57500,11.5,0
123.0,23.0,16,11.4,83000,5.6,1
118.0,30.0,12,12.5,64000,10.1,0
132.0,19.5,21,10.7,94500,2.0,1
111.0,32.5,9,12.6,61000,10.8,0
125.0,24.0,18,11.1,87000,4.8,1
105.5,34.5,11,12.6,59000,11.3,0
127.0,21.5,19,11.0,90500,3.7,1
119.0,30.5,13,12.4,70000,9.7,0
129.5,20.0,20,10.9,94000,2.4,1
107.0,32.0,10,12.7,62000,10.6,0
124.0,22.5,17,11.3,84000,5.3,1
120.0,30.0,14,12.3,71500,8.9,0
132.5,9.0,22,8.8,96000,1.6,1
112.0,31.5,9,12.6,64000,10.3,0
125.0,22.0,16,11.4,85000,6.2,1
101.0,34.0,10,12.7,57000,11.1,0
128.5,20.5,18,11.0,90000,4.0,1
120.0,26.5,15,12.2,74000,8.0,0
129.5,20.0,20,10.8,92500,2.8,1
116.0,30.0,11,12.5,66000,10.4,0
123.0,24.0,15,11.5,82000,6.3,1
104.0,35.5,8,12.8,55000,11.6,0
127.5,23.0,17,11.2,88000,4.9,1
123.0,29.0,13,12.3,70000,9.1,0
127.5,21.0,18,11.1,89500,4.2,1
100.0,35.0,7,12.9,53000,12.1,0
123.0,26.0,14,12.1,75000,7.3,0
129.0,20.0,19,10.9,91500,3.4,1
106.5,33.0,10,12.7,58000,11.4,0
124.0,23.0,16,11.4,83500,5.5,1
119.0,30.0,12,12.5,64500,10.0,0
132.5,19.5,21,10.7,95000,1.9,1
112.0,32.5,9,12.6,61500,10.7,0
125.5,24.0,18,11.1,87500,4.7,1
106.5,34.5,11,12.6,59500,11.2,0
128.0,21.5,19,11.0,91000,3.6,1
120.0,30.5,13,12.4,70500,9.6,0
130.0,20.0,20,10.9,94500,2.3,1
108.0,32.0,10,12.7,62500,10.5,0
125.0,22.5,17,11.3,84500,5.2,1
121.0,30.0,14,12.3,72000,8.8,0
133.0,9.0,22,8.8,96500,1.5,1
113.0,31.5,9,12.6,64500,10.2,0
126.0,22.0,16,11.4,85500,6.1,1
101.5,34.0,10,12.7,57500,11.0,0
129.0,20.5,18,11.0,90500,3.9,1
121.0,26.5,15,12.2,74500,7.9,0
130.0,20.0,20,10.8,93000,2.7,1
117.0,30.0,11,12.5,66500,10.3,0
124.0,24.0,15,11.5,82500,6.2,1
105.0,35.5,8,12.8,55500,11.5,0
128.0,23.0,17,11.2,88500,4.8,1
124.0,29.0,13,12.3,70500,9.0,0
128.0,21.0,18,11.1,90000,4.1,1
101.0,35.0,7,12.9,53500,12.0,0
124.0,26.0,14,12.1,75500,7.2,0
129.5,20.0,19,10.9,92000,3.3,1
107.0,33.0,10,12.7,58500,11.3,0
125.0,23.0,16,11.4,84000,5.4,1
120.0,30.0,12,12.5,65000,9.9,0
133.0,19.5,21,10.7,95500,1.8,1
113.0,32.5,9,12.6,62000,10.6,0
126.5,24.0,18,11.1,88000,4.6,1
107.5,34.5,11,12.6,60000,11.1,0
128.5,21.5,19,11.0,91500,3.5,1
121.0,30.5,13,12.4,71000,9.5,0
130.5,20.0,20,10.9,95000,2.2,1
109.0,32.0,10,12.7,63000,10.4,0
126.0,22.5,17,11.3,85000,5.1,1
122.0,30.0,14,12.3,72500,8.7,0
133.5,8.5,22,8.7,97000,1.4,1
114.0,31.5,9,12.6,65000,10.1,0
126.5,22.0,16,11.4,86000,6.0,1
102.0,34.0,10,12.7,58000,10.9,0
129.5,20.5,18,11.0,91000,3.8,1
122.0,26.5,15,12.2,75000,7.8,0
130.5,20.0,20,10.8,93500,2.6,1
118.0,30.0,11,12.5,67000,10.2,0
125.0,24.0,15,11.5,83000,6.1,1
106.0,35.5,8,12.8,56000,11.4,0
128.5,23.0,17,11.2,89000,4.7,1
125.0,29.0,13,12.3,71000,8.9,0
128.5,21.0,18,11.1,90500,4.0,1
102.0,35.0,7,12.9,54000,11.9,0
125.0,26.0,14,12.1,76000,7.1,0
130.0,20.0,19,10.9,92500,3.2,1
108.0,33.0,10,12.7,59000,11.2,0
126.0,23.0,16,11.4,84500,5.3,1
121.0,30.0,12,12.5,65500,9.8,0
133.5,19.5,21,10.7,96000,1.7,1
114.0,32.5,9,12.6,62500,10.5,0
127.0,24.0,18,11.1,88500,4.5,1
108.5,34.5,11,12.6,60500,11.0,0
129.0,21.5,19,11.0,92000,3.4,1
122.0,30.5,13,12.4,71500,9.4,0
131.0,20.0,20,10.9,95500,2.1,1
110.0,32.0,10,12.7,63500,10.3,0
127.0,22.5,17,11.3,85500,5.0,1
123.0,30.0,14,12.3,73000,8.6,0
134.0,8.5,22,8.7,97500,1.3,1
115.0,31.5,9,12.6,65500,10.0,0
127.0,22.0,16,11.4,86500,5.9,1
102.5,34.0,10,12.7,58500,10.8,0
130.0,20.5,18,11.0,91500,3.7,1
123.0,26.5,15,12.2,75500,7.7,0
131.0,20.0,20,10.8,94000,2.5,1
119.0,30.0,11,12.5,67500,10.1,0
126.0,24.0,15,11.5,83500,6.0,1
107.0,35.5,8,12.8,56500,11.3,0
129.0,23.0,17,11.2,89500,4.6,1
126.0,29.0,13,12.3,71500,8.8,0
129.0,21.0,18,11.1,91000,3.9,1
103.0,35.0,7,12.9,54500,11.8,0
126.0,26.0,14,12.1,76500,7.0,0
130.5,20.0,19,10.9,93000,3.1,1
109.0,33.0,10,12.7,59500,11.1,0
127.0,23.0,16,11.4,85000,5.2,1
122.0,30.0,12,12.5,66000,9.7,0
134.0,19.5,21,10.7,96500,1.6,1
115.0,32.5,9,12.6,63000,10.4,0
128.0,24.0,18,11.1,89000,4.4,1
109.5,34.5,11,12.6,61000,10.9,0
129.5,21.5,19,11.0,92500,3.3,1
123.0,30.5,13,12.4,72000,9.3,0
131.5,20.0,20,10.9,96000,2.0,1
111.0,32.0,10,12.7,64000,10.2,0
128.0,22.5,17,11.3,86000,4.9,1
124.0,30.0,14,12.3,73500,8.5,0
134.5,8.0,22,8.6,98000,1.2,1
116.0,31.5,9,12.6,66000,9.9,0
127.5,22.0,16,11.4,87000,5.8,1
103.5,34.0,10,12.7,59000,10.7,0
130.5,20.5,18,11.0,92000,3.6,1
124.0,26.5,15,12.2,76000,7.6,0
131.5,20.0,20,10.8,94500,2.4,1
120.0,30.0,11,12.5,68000,10.0,0
127.0,24.0,15,11.5,84000,5.9,1
108.0,35.5,8,12.8,57000,11.2,0
129.5,23.0,17,11.2,90000,4.5,1
127.0,29.0,13,12.3,72000,8.7,0
129.5,21.0,18,11.1,91500,3.8,1
104.0,35.0,7,12.9,55000,11.7,0
127.0,26.0,14,12.1,77000,6.9,0
131.0,20.0,19,10.9,93500,3.0,1
110.0,33.0,10,12.7,60000,11.0,0
128.0,23.0,16,11.4,85500,5.1,1
123.0,30.0,12,12.5,66500,9.6,0
134.5,19.5,21,10.7,97000,1.5,1
116.0,32.5,9,12.6,63500,10.3,0
128.5,24.0,18,11.1,89500,4.3,1
110.5,34.5,11,12.6,61500,10.8,0
130.0,21.5,19,11.0,93000,3.2,1
124.0,30.5,13,12.4,72500,9.2,0
132.0,20.0,20,10.9,96500,1.9,1
112.0,32.0,10,12.7,64500,10.1,0
129.0,22.5,17,11.3,86500,4.8,1
125.0,30.0,14,12.3,74000,8.4,0
135.0,8.0,22,8.6,98500,1.1,1
117.0,31.5,9,12.6,66500,9.8,0
128.0,22.0,16,11.4,87500,5.7,1
104.0,34.0,10,12.7,59500,10.6,0
131.0,20.5,18,11.0,92500,3.5,1
125.0,26.5,15,12.2,76500,7.5,0
132.0,20.0,20,10.8,95000,2.3,1
121.0,30.0,11,12.5,68500,9.9,0
128.0,24.0,15,11.5,84500,5.8,1
109.0,35.5,8,12.8,57500,11.1,0
130.0,23.0,17,11.2,90500,4.4,1
128.0,29.0,13,12.3,72500,8.6,0
130.0,21.0,18,11.1,92000,3.7,1
105.0,35.0,7,12.9,55500,11.6,0
128.0,26.0,14,12.1,77500,6.8,0
131.5,20.0,19,10.9,94000,2.9,1
111.0,33.0,10,12.7,60500,10.9,0
129.0,23.0,16,11.4,86000,5.0,1
124.0,30.0,12,12.5,67000,9.5,0
135.0,19.5,21,10.7,97500,1.4,1
117.0,32.5,9,12.6,64000,10.2,0
129.0,24.0,18,11.1,90000,4.2,1
111.5,34.5,11,12.6,62000,10.7,0
130.5,21.5,19,11.0,93500,3.1,1
125.0,30.5,13,12.4,73000,9.1,0
132.5,20.0,20,10.9,97000,1.8,1
113.0,32.0,10,12.7,65000,10.0,0
130.0,22.5,17,11.3,87000,4.7,1
126.0,30.0,14,12.3,74500,8.3,0
135.5,7.5,22,8.5,99000,1.0,1
118.0,31.5,9,12.6,67000,9.7,0
129.0,22.0,16,11.4,88000,5.6,1
104.5,34.0,10,12.7,60000,10.5,0
132.0,20.5,18,11.0,93000,3.4,1
126.0,26.5,15,12.2,77000,7.4,0
132.5,20.0,20,10.8,95500,2.2,1
122.0,30.0,11,12.5,69000,9.8,0
129.0,24.0,15,11.5,85000,5.7,1
110.0,35.5,8,12.8,58000,11.0,0
131.0,23.0,17,11.2,91000,4.3,1
129.0,29.0,13,12.3,73000,8.5,0
131.0,21.0,18,11.1,92500,3.6,1
105.5,35.0,7,12.9,56000,11.5,0
129.0,26.0,14,12.1,78000,6.7,0
132.0,20.0,19,10.9,94500,2.8,1
112.0,33.0,10,12.7,61000,10.8,0
130.0,23.0,16,11.4,86500,4.9,1
125.0,30.0,12,12.5,67500,9.4,0
135.5,19.5,21,10.7,98000,1.3,1
118.0,32.5,9,12.6,64500,10.1,0
129.5,24.0,18,11.1,90500,4.1,1
112.5,34.5,11,12.6,62500,10.6,0
131.0,21.5,19,11.0,94000,3.0,1
126.0,30.5,13,12.4,73500,9.0,0
133.0,20.0,20,10.9,97500,1.7,1
114.0,32.0,10,12.7,65500,9.9,0
131.0,22.5,17,11.3,87500,4.6,1
127.0,30.0,14,12.3,75000,8.2,0
136.0,7.5,22,8.5,99500,0.9,1
119.0,31.5,9,12.6,67500,9.6,0
130.0,22.0,16,11.4,88500,5.5,1
105.0,34.0,10,12.7,60500,10.4,0
132.5,20.5,18,11.0,93500,3.3,1
127.0,26.5,15,12.2,77500,7.3,0
133.0,20.0,20,10.8,96000,2.1,1
123.0,30.0,11,12.5,69500,9.7,0
130.0,24.0,15,11.5,85500,5.6,1
111.0,35.5,8,12.8,58500,10.9,0
132.0,23.0,17,11.2,91500,4.2,1
130.0,29.0,13,12.3,73500,8.4,0
132.0,21.0,18,11.1,93000,3.5,1
106.0,35.0,7,12.9,56500,11.4,0
130.0,26.0,14,12.1,78500,6.6,0
132.5,20.0,19,10.9,95000,2.7,1
113.0,33.0,10,12.7,61500,10.7,0
131.0,23.0,16,11.4,87000,4.8,1
126.0,30.0,12,12.5,68000,9.3,0
136.0,19.5,21,10.7,98500,1.2,1
119.0,32.5,9,12.6,65000,10.0,0
130.5,24.0,18,11.1,91000,4.0,1
113.5,34.5,11,12.6,63000,10.5,0
131.5,21.5,19,11.0,94500,2.9,1
127.0,30.5,13,12.4,74000,8.9,0
133.5,20.0,20,10.9,98000,1.6,1
115.0,32.0,10,12.7,66000,9.8,0
132.0,22.5,17,11.3,88000,4.5,1
128.0,30.0,14,12.3,75500,8.1,0
136.5,7.0,22,8.4,100000,0.8,1